API,Nearest_API_gravity,Viscosity_100F,Porosity,Nearest_Clay_Content,Relative Permittivity,Nearest_Frequency
24,23.939393939393938,28.97333333333335,0.24,62.07,2.2999997203392413,186.44085339704876
