API,Nearest_API_gravity,Viscosity_100F
24,23.939393939393938,28.97333333333335
