Growth Rate (k),Y-Intercept
-0.020588235288925536,1.220588234917368
