Growth Rate (k),Y-Intercept
0.020588235294117657,0.4794117647058818
