Growth Rate (k),Y-Intercept
0.025199999999999983,8.621456684434674e-16
