Growth Rate (k),Y-Intercept
0.025164354855233557,-0.6471611792117706
